,error,subproblem,subproblem_id,dataset_id,num_boost_round
0,0.000614166259765625,classification,1,0,1
1,0.00408172607421875,classification,1,0,2
2,0.00528717041015625,classification,1,0,4
3,0.008026123046875,classification,1,0,8
4,0.0078887939453125,classification,1,0,16
5,0.0081024169921875,classification,1,0,32
6,0.008056640625,classification,1,0,64
7,0.0002231597900390625,classification,1,1,1
8,0.00045013427734375,classification,1,1,2
9,0.0011749267578125,classification,1,1,4
10,0.0035858154296875,classification,1,1,8
11,0.0042724609375,classification,1,1,16
12,0.0036468505859375,classification,1,1,32
13,0.002655029296875,classification,1,1,64
14,0.0001277923583984375,classification,1,2,1
15,0.0005950927734375,classification,1,2,2
16,0.0029144287109375,classification,1,2,4
17,0.00775146484375,classification,1,2,8
18,0.0080413818359375,classification,1,2,16
19,0.0079193115234375,classification,1,2,32
20,0.0080413818359375,classification,1,2,64
21,0.00020122528076171875,classification,1,3,1
22,0.003032684326171875,classification,1,3,2
23,0.0019378662109375,classification,1,3,4
24,0.0008392333984375,classification,1,3,8
25,0.001953125,classification,1,3,16
26,0.00244140625,classification,1,3,32
27,0.0023345947265625,classification,1,3,64
28,0.00020599365234375,classification,1,4,1
29,0.001712799072265625,classification,1,4,2
30,0.001148223876953125,classification,1,4,4
31,0.0019683837890625,classification,1,4,8
32,0.00218963623046875,classification,1,4,16
33,0.0032806396484375,classification,1,4,32
34,0.0035247802734375,classification,1,4,64
35,0.0002422332763671875,classification,1,5,1
36,8.58306884765625e-05,classification,1,5,2
37,0.0010833740234375,classification,1,5,4
38,0.0030975341796875,classification,1,5,8
39,0.00311279296875,classification,1,5,16
40,0.0029144287109375,classification,1,5,32
41,0.0036773681640625,classification,1,5,64
42,8.487701416015625e-05,classification,1,6,1
43,0.0005855560302734375,classification,1,6,2
44,0.001556396484375,classification,1,6,4
45,0.000946044921875,classification,1,6,8
46,0.0006866455078125,classification,1,6,16
47,0.000518798828125,classification,1,6,32
48,0.00057220458984375,classification,1,6,64
49,5.7220458984375e-05,classification,1,7,1
50,0.002910614013671875,classification,1,7,2
51,0.00200653076171875,classification,1,7,4
52,0.001922607421875,classification,1,7,8
53,0.00128173828125,classification,1,7,16
54,0.0024566650390625,classification,1,7,32
55,0.001708984375,classification,1,7,64
56,0.000415802001953125,classification,1,8,1
57,0.001129150390625,classification,1,8,2
58,0.006622314453125,classification,1,8,4
59,0.0027618408203125,classification,1,8,8
60,0.0017852783203125,classification,1,8,16
61,0.001983642578125,classification,1,8,32
62,0.002166748046875,classification,1,8,64
63,0.000164031982421875,classification,1,9,1
64,0.000682830810546875,classification,1,9,2
65,0.003002166748046875,classification,1,9,4
66,0.00258636474609375,classification,1,9,8
67,0.0025482177734375,classification,1,9,16
68,0.00262451171875,classification,1,9,32
69,0.00296783447265625,classification,1,9,64
70,0.00027942657470703125,classification,1,10,1
71,0.0008716583251953125,classification,1,10,2
72,0.002407073974609375,classification,1,10,4
73,0.001953125,classification,1,10,8
74,0.00159454345703125,classification,1,10,16
75,0.00211334228515625,classification,1,10,32
76,0.00189208984375,classification,1,10,64
77,0.0006084442138671875,classification,1,11,1
78,0.0006084442138671875,classification,1,11,2
79,0.0015277862548828125,classification,1,11,4
80,0.002105712890625,classification,1,11,8
81,0.0023345947265625,classification,1,11,16
82,0.0024261474609375,classification,1,11,32
83,0.0029144287109375,classification,1,11,64
84,0.0002613067626953125,classification,1,12,1
85,0.0003681182861328125,classification,1,12,2
86,0.0008544921875,classification,1,12,4
87,0.00081634521484375,classification,1,12,8
88,0.00091552734375,classification,1,12,16
89,0.000946044921875,classification,1,12,32
90,0.0007781982421875,classification,1,12,64
91,0.0005645751953125,classification,1,13,1
92,0.0010986328125,classification,1,13,2
93,0.00144195556640625,classification,1,13,4
94,0.0004558563232421875,classification,1,13,8
95,0.00283050537109375,classification,1,13,16
96,0.002166748046875,classification,1,13,32
97,0.0024261474609375,classification,1,13,64
98,0.0010471343994140625,classification,1,14,1
99,0.00240325927734375,classification,1,14,2
100,0.00257110595703125,classification,1,14,4
101,0.00296783447265625,classification,1,14,8
102,0.00173187255859375,classification,1,14,16
103,0.001617431640625,classification,1,14,32
104,0.002655029296875,classification,1,14,64
105,0.0001430511474609375,classification,1,15,1
106,0.0012054443359375,classification,1,15,2
107,0.0016632080078125,classification,1,15,4
108,0.002471923828125,classification,1,15,8
109,0.0026702880859375,classification,1,15,16
110,0.003143310546875,classification,1,15,32
111,0.0025177001953125,classification,1,15,64
112,0.00040435791015625,classification,1,16,1
113,0.006103515625,classification,1,16,2
114,0.00539398193359375,classification,1,16,4
115,0.0054931640625,classification,1,16,8
116,0.006744384765625,classification,1,16,16
117,0.0072174072265625,classification,1,16,32
118,0.0072174072265625,classification,1,16,64
119,0.000659942626953125,classification,1,17,1
120,0.0010280609130859375,classification,1,17,2
121,0.003475189208984375,classification,1,17,4
122,0.003559112548828125,classification,1,17,8
123,0.0041656494140625,classification,1,17,16
124,0.0041046142578125,classification,1,17,32
125,0.00399017333984375,classification,1,17,64
126,0.0004711151123046875,classification,1,18,1
127,0.001590728759765625,classification,1,18,2
128,0.0003509521484375,classification,1,18,4
129,0.00347900390625,classification,1,18,8
130,0.002716064453125,classification,1,18,16
131,0.00293731689453125,classification,1,18,32
132,0.0027923583984375,classification,1,18,64
133,0.000148773193359375,classification,1,19,1
134,0.000698089599609375,classification,1,19,2
135,0.002475738525390625,classification,1,19,4
136,0.0032501220703125,classification,1,19,8
137,0.00331878662109375,classification,1,19,16
138,0.003326416015625,classification,1,19,32
139,0.003570556640625,classification,1,19,64
140,3.0517578125e-05,classification,1,20,1
141,0.0005168914794921875,classification,1,20,2
142,0.001995086669921875,classification,1,20,4
143,0.002658843994140625,classification,1,20,8
144,0.002593994140625,classification,1,20,16
145,0.00274658203125,classification,1,20,32
146,0.0029296875,classification,1,20,64
147,0.000152587890625,classification,1,21,1
148,0.00103759765625,classification,1,21,2
149,0.000232696533203125,classification,1,21,4
150,0.0009002685546875,classification,1,21,8
151,0.00135040283203125,classification,1,21,16
152,0.00156402587890625,classification,1,21,32
153,0.0012054443359375,classification,1,21,64
154,0.00017833709716796875,classification,1,22,1
155,0.000400543212890625,classification,1,22,2
156,0.001247406005859375,classification,1,22,4
157,0.0022430419921875,classification,1,22,8
158,0.00225830078125,classification,1,22,16
159,0.00251007080078125,classification,1,22,32
160,0.001922607421875,classification,1,22,64
161,9.250640869140625e-05,classification,1,23,1
162,0.0014400482177734375,classification,1,23,2
163,0.0014400482177734375,classification,1,23,4
164,0.005401611328125,classification,1,23,8
165,0.00458526611328125,classification,1,23,16
166,0.0044097900390625,classification,1,23,32
167,0.004302978515625,classification,1,23,64
168,0.0003490447998046875,classification,1,24,1
169,0.0006465911865234375,classification,1,24,2
170,0.001659393310546875,classification,1,24,4
171,0.00443267822265625,classification,1,24,8
172,0.0045928955078125,classification,1,24,16
173,0.004425048828125,classification,1,24,32
174,0.004547119140625,classification,1,24,64
175,6.4849853515625e-05,classification,1,25,1
176,0.0005321502685546875,classification,1,25,2
177,0.0016021728515625,classification,1,25,4
178,0.0018901824951171875,classification,1,25,8
179,0.0015106201171875,classification,1,25,16
180,0.0015869140625,classification,1,25,32
181,0.00121307373046875,classification,1,25,64
182,0.000110626220703125,classification,1,26,1
183,0.0002994537353515625,classification,1,26,2
184,0.00045013427734375,classification,1,26,4
185,0.000396728515625,classification,1,26,8
186,0.000518798828125,classification,1,26,16
187,0.0010986328125,classification,1,26,32
188,0.00074005126953125,classification,1,26,64
189,0.000247955322265625,classification,1,27,1
190,0.001781463623046875,classification,1,27,2
191,0.000522613525390625,classification,1,27,4
192,0.0016632080078125,classification,1,27,8
193,0.00266265869140625,classification,1,27,16
194,0.0022735595703125,classification,1,27,32
195,0.0023956298828125,classification,1,27,64
196,0.00078582763671875,classification,1,28,1
197,0.001800537109375,classification,1,28,2
198,0.00212860107421875,classification,1,28,4
199,0.00489044189453125,classification,1,28,8
200,0.0058441162109375,classification,1,28,16
201,0.006561279296875,classification,1,28,32
202,0.0062408447265625,classification,1,28,64
203,0.000202178955078125,classification,1,29,1
204,0.003326416015625,classification,1,29,2
205,0.0062408447265625,classification,1,29,4
206,0.013427734375,classification,1,29,8
207,0.008758544921875,classification,1,29,16
208,0.0087127685546875,classification,1,29,32
209,0.008819580078125,classification,1,29,64
210,0.000194549560546875,classification,1,30,1
211,0.000743865966796875,classification,1,30,2
212,0.00452423095703125,classification,1,30,4
213,0.004608154296875,classification,1,30,8
214,0.004791259765625,classification,1,30,16
215,0.0052490234375,classification,1,30,32
216,0.00522613525390625,classification,1,30,64
217,3.337860107421875e-05,classification,1,31,1
218,0.0003204345703125,classification,1,31,2
219,0.0002899169921875,classification,1,31,4
220,0.00103759765625,classification,1,31,8
221,0.00091552734375,classification,1,31,16
222,0.0009307861328125,classification,1,31,32
223,0.00092315673828125,classification,1,31,64
224,0.0002765655517578125,classification,1,32,1
225,0.000934600830078125,classification,1,32,2
226,0.0016937255859375,classification,1,32,4
227,0.00315093994140625,classification,1,32,8
228,0.0038909912109375,classification,1,32,16
229,0.003936767578125,classification,1,32,32
230,0.0042877197265625,classification,1,32,64
231,4.57763671875e-05,classification,1,33,1
232,0.000823974609375,classification,1,33,2
233,0.00140380859375,classification,1,33,4
234,0.00140380859375,classification,1,33,8
235,0.00250244140625,classification,1,33,16
236,0.00250244140625,classification,1,33,32
237,0.0023651123046875,classification,1,33,64
238,2.765655517578125e-05,classification,1,34,1
239,0.00087738037109375,classification,1,34,2
240,0.00087738037109375,classification,1,34,4
241,0.00344085693359375,classification,1,34,8
242,0.00553131103515625,classification,1,34,16
243,0.00531005859375,classification,1,34,32
244,0.00484466552734375,classification,1,34,64
245,0.000240325927734375,classification,1,35,1
246,0.000579833984375,classification,1,35,2
247,0.00046539306640625,classification,1,35,4
248,0.00079345703125,classification,1,35,8
249,0.0010833740234375,classification,1,35,16
250,0.001251220703125,classification,1,35,32
251,0.0009002685546875,classification,1,35,64
252,0.00014495849609375,classification,1,36,1
253,0.0001544952392578125,classification,1,36,2
254,0.000782012939453125,classification,1,36,4
255,0.0018310546875,classification,1,36,8
256,0.00173187255859375,classification,1,36,16
257,0.00335693359375,classification,1,36,32
258,0.003662109375,classification,1,36,64
259,0.0001373291015625,classification,1,37,1
260,0.000179290771484375,classification,1,37,2
261,0.000392913818359375,classification,1,37,4
262,0.00112152099609375,classification,1,37,8
263,0.00128173828125,classification,1,37,16
264,0.0012664794921875,classification,1,37,32
265,0.0018157958984375,classification,1,37,64
266,0.000339508056640625,classification,1,38,1
267,0.000339508056640625,classification,1,38,2
268,0.00104522705078125,classification,1,38,4
269,0.00048828125,classification,1,38,8
270,0.00069427490234375,classification,1,38,16
271,0.0005035400390625,classification,1,38,32
272,0.0004730224609375,classification,1,38,64
273,0.000457763671875,classification,1,39,1
274,0.001190185546875,classification,1,39,2
275,0.00652313232421875,classification,1,39,4
276,0.0041351318359375,classification,1,39,8
277,0.004669189453125,classification,1,39,16
278,0.003387451171875,classification,1,39,32
279,0.0044708251953125,classification,1,39,64
280,3.4332275390625e-05,classification,2,0,1
281,6.103515625e-05,classification,2,0,2
282,0.000102996826171875,classification,2,0,4
283,0.0001068115234375,classification,2,0,8
284,0.00018310546875,classification,2,0,16
285,0.00034332275390625,classification,2,0,32
286,0.00029754638671875,classification,2,0,64
287,1.1920928955078125e-05,classification,2,1,1
288,3.814697265625e-05,classification,2,1,2
289,5.7220458984375e-05,classification,2,1,4
290,0.0001373291015625,classification,2,1,8
291,0.0001373291015625,classification,2,1,16
292,0.00019073486328125,classification,2,1,32
293,0.00038909912109375,classification,2,1,64
294,4.0531158447265625e-05,classification,2,2,1
295,4.0531158447265625e-05,classification,2,2,2
296,5.7220458984375e-05,classification,2,2,4
297,0.00011444091796875,classification,2,2,8
298,0.0001068115234375,classification,2,2,16
299,0.0001678466796875,classification,2,2,32
300,0.0002288818359375,classification,2,2,64
301,2.6702880859375e-05,classification,2,3,1
302,3.814697265625e-05,classification,2,3,2
303,6.4849853515625e-05,classification,2,3,4
304,0.000133514404296875,classification,2,3,8
305,0.00017547607421875,classification,2,3,16
306,0.00017547607421875,classification,2,3,32
307,0.00030517578125,classification,2,3,64
308,3.0517578125e-05,classification,2,4,1
309,0.00013256072998046875,classification,2,4,2
310,0.00013256072998046875,classification,2,4,4
311,0.0001583099365234375,classification,2,4,8
312,0.0001583099365234375,classification,2,4,16
313,0.00018310546875,classification,2,4,32
314,0.00029754638671875,classification,2,4,64
315,2.6702880859375e-05,classification,2,5,1
316,0.0001926422119140625,classification,2,5,2
317,0.0002613067626953125,classification,2,5,4
318,0.00040435791015625,classification,2,5,8
319,0.0003814697265625,classification,2,5,16
320,0.000396728515625,classification,2,5,32
321,0.00051116943359375,classification,2,5,64
322,8.487701416015625e-05,classification,2,6,1
323,7.05718994140625e-05,classification,2,6,2
324,0.000244140625,classification,2,6,4
325,0.000324249267578125,classification,2,6,8
326,0.0003204345703125,classification,2,6,16
327,0.00028228759765625,classification,2,6,32
328,0.0003509521484375,classification,2,6,64
329,4.1961669921875e-05,classification,2,7,1
330,0.000133514404296875,classification,2,7,2
331,0.0001049041748046875,classification,2,7,4
332,9.5367431640625e-05,classification,2,7,8
333,0.000102996826171875,classification,2,7,16
334,0.0001068115234375,classification,2,7,32
335,0.0005035400390625,classification,2,7,64
336,6.389617919921875e-05,classification,2,8,1
337,6.389617919921875e-05,classification,2,8,2
338,0.00022125244140625,classification,2,8,4
339,0.000362396240234375,classification,2,8,8
340,0.00041961669921875,classification,2,8,16
341,0.000457763671875,classification,2,8,32
342,0.0005950927734375,classification,2,8,64
343,6.341934204101562e-05,classification,2,9,1
344,0.0001201629638671875,classification,2,9,2
345,0.0002956390380859375,classification,2,9,4
346,0.00041961669921875,classification,2,9,8
347,0.00048065185546875,classification,2,9,16
348,0.0005645751953125,classification,2,9,32
349,0.00060272216796875,classification,2,9,64
350,1.621246337890625e-05,classification,2,10,1
351,7.343292236328125e-05,classification,2,10,2
352,0.0001659393310546875,classification,2,10,4
353,0.000293731689453125,classification,2,10,8
354,0.000293731689453125,classification,2,10,16
355,0.0002899169921875,classification,2,10,32
356,0.0002899169921875,classification,2,10,64
357,7.62939453125e-06,classification,2,11,1
358,8.0108642578125e-05,classification,2,11,2
359,0.0001125335693359375,classification,2,11,4
360,0.000148773193359375,classification,2,11,8
361,0.0001678466796875,classification,2,11,16
362,0.000213623046875,classification,2,11,32
363,0.000457763671875,classification,2,11,64
364,1.71661376953125e-05,classification,2,12,1
365,8.7738037109375e-05,classification,2,12,2
366,0.000133514404296875,classification,2,12,4
367,0.00019073486328125,classification,2,12,8
368,0.00012969970703125,classification,2,12,16
369,0.00019073486328125,classification,2,12,32
370,0.00048065185546875,classification,2,12,64
371,4.38690185546875e-05,classification,2,13,1
372,0.00012111663818359375,classification,2,13,2
373,9.5367431640625e-05,classification,2,13,4
374,0.000156402587890625,classification,2,13,8
375,0.00014495849609375,classification,2,13,16
376,0.0003814697265625,classification,2,13,32
377,0.0003662109375,classification,2,13,64
378,2.288818359375e-05,classification,2,14,1
379,3.4332275390625e-05,classification,2,14,2
380,0.0001373291015625,classification,2,14,4
381,0.000118255615234375,classification,2,14,8
382,0.000213623046875,classification,2,14,16
383,0.000156402587890625,classification,2,14,32
384,0.00018310546875,classification,2,14,64
385,2.384185791015625e-05,classification,2,15,1
386,4.673004150390625e-05,classification,2,15,2
387,0.0002899169921875,classification,2,15,4
388,0.0003662109375,classification,2,15,8
389,0.000244140625,classification,2,15,16
390,0.000244140625,classification,2,15,32
391,0.0002593994140625,classification,2,15,64
392,2.86102294921875e-05,classification,2,16,1
393,8.96453857421875e-05,classification,2,16,2
394,0.0002288818359375,classification,2,16,4
395,0.000316619873046875,classification,2,16,8
396,0.000370025634765625,classification,2,16,16
397,0.00032806396484375,classification,2,16,32
398,0.0004119873046875,classification,2,16,64
399,2.956390380859375e-05,classification,2,17,1
400,0.00014495849609375,classification,2,17,2
401,0.000171661376953125,classification,2,17,4
402,0.00018310546875,classification,2,17,8
403,0.00034332275390625,classification,2,17,16
404,0.00030517578125,classification,2,17,32
405,0.000518798828125,classification,2,17,64
406,4.482269287109375e-05,classification,2,18,1
407,0.0002460479736328125,classification,2,18,2
408,0.000156402587890625,classification,2,18,4
409,0.000213623046875,classification,2,18,8
410,0.00023651123046875,classification,2,18,16
411,0.000335693359375,classification,2,18,32
412,0.0002593994140625,classification,2,18,64
413,4.57763671875e-05,classification,2,19,1
414,4.9591064453125e-05,classification,2,19,2
415,0.000110626220703125,classification,2,19,4
416,8.58306884765625e-05,classification,2,19,8
417,9.5367431640625e-05,classification,2,19,16
418,0.00026702880859375,classification,2,19,32
419,0.0006103515625,classification,2,19,64
420,7.2479248046875e-05,classification,2,20,1
421,0.0001049041748046875,classification,2,20,2
422,0.00016021728515625,classification,2,20,4
423,0.00016021728515625,classification,2,20,8
424,0.000274658203125,classification,2,20,16
425,0.00034332275390625,classification,2,20,32
426,0.00041961669921875,classification,2,20,64
427,1.71661376953125e-05,classification,2,21,1
428,0.000186920166015625,classification,2,21,2
429,7.62939453125e-05,classification,2,21,4
430,0.00040435791015625,classification,2,21,8
431,0.000396728515625,classification,2,21,16
432,0.0003662109375,classification,2,21,32
433,0.00042724609375,classification,2,21,64
434,2.384185791015625e-05,classification,2,22,1
435,4.76837158203125e-05,classification,2,22,2
436,5.7220458984375e-05,classification,2,22,4
437,5.7220458984375e-05,classification,2,22,8
438,6.866455078125e-05,classification,2,22,16
439,7.62939453125e-05,classification,2,22,32
440,0.0002288818359375,classification,2,22,64
441,3.24249267578125e-05,classification,2,23,1
442,3.4332275390625e-05,classification,2,23,2
443,0.00019073486328125,classification,2,23,4
444,0.000225067138671875,classification,2,23,8
445,0.000152587890625,classification,2,23,16
446,0.0001678466796875,classification,2,23,32
447,0.0003662109375,classification,2,23,64
448,3.0517578125e-05,classification,2,24,1
449,3.0517578125e-05,classification,2,24,2
450,6.67572021484375e-05,classification,2,24,4
451,6.103515625e-05,classification,2,24,8
452,7.2479248046875e-05,classification,2,24,16
453,0.000152587890625,classification,2,24,32
454,0.00022125244140625,classification,2,24,64
455,8.392333984375e-05,classification,2,25,1
456,0.0002117156982421875,classification,2,25,2
457,0.00019073486328125,classification,2,25,4
458,0.0002899169921875,classification,2,25,8
459,0.00023651123046875,classification,2,25,16
460,0.0001373291015625,classification,2,25,32
461,0.0002288818359375,classification,2,25,64
462,3.814697265625e-05,classification,2,26,1
463,7.2479248046875e-05,classification,2,26,2
464,0.0001316070556640625,classification,2,26,4
465,9.918212890625e-05,classification,2,26,8
466,8.7738037109375e-05,classification,2,26,16
467,0.00022125244140625,classification,2,26,32
468,0.000335693359375,classification,2,26,64
469,1.5735626220703125e-05,classification,2,27,1
470,9.72747802734375e-05,classification,2,27,2
471,0.000141143798828125,classification,2,27,4
472,0.00012969970703125,classification,2,27,8
473,0.0002288818359375,classification,2,27,16
474,0.00019073486328125,classification,2,27,32
475,0.000244140625,classification,2,27,64
476,5.817413330078125e-05,classification,2,28,1
477,6.103515625e-05,classification,2,28,2
478,8.58306884765625e-05,classification,2,28,4
479,7.05718994140625e-05,classification,2,28,8
480,7.62939453125e-05,classification,2,28,16
481,0.00019073486328125,classification,2,28,32
482,0.0002899169921875,classification,2,28,64
483,5.340576171875e-05,classification,2,29,1
484,0.000152587890625,classification,2,29,2
485,0.0001373291015625,classification,2,29,4
486,0.00032806396484375,classification,2,29,8
487,0.0002288818359375,classification,2,29,16
488,0.00014495849609375,classification,2,29,32
489,0.00035858154296875,classification,2,29,64
490,2.193450927734375e-05,classification,2,30,1
491,0.0002346038818359375,classification,2,30,2
492,0.0002346038818359375,classification,2,30,4
493,0.00014495849609375,classification,2,30,8
494,0.00016021728515625,classification,2,30,16
495,0.000396728515625,classification,2,30,32
496,0.00046539306640625,classification,2,30,64
497,2.288818359375e-05,classification,2,31,1
498,0.0001468658447265625,classification,2,31,2
499,0.00012969970703125,classification,2,31,4
500,0.000347137451171875,classification,2,31,8
501,0.000240325927734375,classification,2,31,16
502,0.00043487548828125,classification,2,31,32
503,0.00028228759765625,classification,2,31,64
504,4.9591064453125e-05,classification,2,32,1
505,0.00014209747314453125,classification,2,32,2
506,0.0001678466796875,classification,2,32,4
507,0.0001621246337890625,classification,2,32,8
508,0.0001678466796875,classification,2,32,16
509,0.000263214111328125,classification,2,32,32
510,0.00040435791015625,classification,2,32,64
511,3.0517578125e-05,classification,2,33,1
512,0.0001220703125,classification,2,33,2
513,0.000507354736328125,classification,2,33,4
514,0.000347137451171875,classification,2,33,8
515,0.0002899169921875,classification,2,33,16
516,0.00019073486328125,classification,2,33,32
517,0.000518798828125,classification,2,33,64
518,1.811981201171875e-05,classification,2,34,1
519,0.00028514862060546875,classification,2,34,2
520,0.0004177093505859375,classification,2,34,4
521,0.0003204345703125,classification,2,34,8
522,0.000362396240234375,classification,2,34,16
523,0.00034332275390625,classification,2,34,32
524,0.00037384033203125,classification,2,34,64
525,6.29425048828125e-05,classification,2,35,1
526,7.724761962890625e-05,classification,2,35,2
527,7.43865966796875e-05,classification,2,35,4
528,0.0001068115234375,classification,2,35,8
529,0.0001373291015625,classification,2,35,16
530,0.00014495849609375,classification,2,35,32
531,0.00032806396484375,classification,2,35,64
532,2.288818359375e-05,classification,2,36,1
533,7.152557373046875e-05,classification,2,36,2
534,0.00012969970703125,classification,2,36,4
535,0.00037384033203125,classification,2,36,8
536,0.00042724609375,classification,2,36,16
537,0.0003509521484375,classification,2,36,32
538,0.00035858154296875,classification,2,36,64
539,5.817413330078125e-05,classification,2,37,1
540,6.4849853515625e-05,classification,2,37,2
541,8.7738037109375e-05,classification,2,37,4
542,0.000133514404296875,classification,2,37,8
543,0.00020599365234375,classification,2,37,16
544,0.00022125244140625,classification,2,37,32
545,0.0005035400390625,classification,2,37,64
546,3.5762786865234375e-05,classification,2,38,1
547,0.000202178955078125,classification,2,38,2
548,0.000247955322265625,classification,2,38,4
549,0.000335693359375,classification,2,38,8
550,0.000385284423828125,classification,2,38,16
551,0.00034332275390625,classification,2,38,32
552,0.0002899169921875,classification,2,38,64
553,3.814697265625e-05,classification,2,39,1
554,0.0001163482666015625,classification,2,39,2
555,0.0002593994140625,classification,2,39,4
556,0.000244140625,classification,2,39,8
557,0.00026702880859375,classification,2,39,16
558,0.00026702880859375,classification,2,39,32
559,0.000396728515625,classification,2,39,64
560,1.430511474609375e-05,regression,1,0,1
561,3.910064697265625e-05,regression,1,0,2
562,5.4836273193359375e-05,regression,1,0,4
563,4.6253204345703125e-05,regression,1,0,8
564,8.0108642578125e-05,regression,1,0,16
565,7.82012939453125e-05,regression,1,0,32
566,0.000186920166015625,regression,1,0,64
567,4.57763671875e-05,regression,1,1,1
568,5.1975250244140625e-05,regression,1,1,2
569,2.6702880859375e-05,regression,1,1,4
570,2.288818359375e-05,regression,1,1,8
571,6.866455078125e-05,regression,1,1,16
572,0.000141143798828125,regression,1,1,32
573,0.0001544952392578125,regression,1,1,64
574,6.031990051269531e-05,regression,1,2,1
575,6.031990051269531e-05,regression,1,2,2
576,8.296966552734375e-05,regression,1,2,4
577,0.000102996826171875,regression,1,2,8
578,0.00010585784912109375,regression,1,2,16
579,0.0001163482666015625,regression,1,2,32
580,0.0001125335693359375,regression,1,2,64
581,1.811981201171875e-05,regression,1,3,1
582,2.765655517578125e-05,regression,1,3,2
583,7.62939453125e-05,regression,1,3,4
584,6.4849853515625e-05,regression,1,3,8
585,0.000324249267578125,regression,1,3,16
586,0.000659942626953125,regression,1,3,32
587,0.0007476806640625,regression,1,3,64
588,6.67572021484375e-06,regression,1,4,1
589,9.5367431640625e-06,regression,1,4,2
590,2.86102294921875e-05,regression,1,4,4
591,7.62939453125e-05,regression,1,4,8
592,0.000156402587890625,regression,1,4,16
593,0.00019073486328125,regression,1,4,32
594,0.000133514404296875,regression,1,4,64
595,6.270408630371094e-05,regression,1,5,1
596,9.059906005859375e-05,regression,1,5,2
597,5.245208740234375e-05,regression,1,5,4
598,2.9087066650390625e-05,regression,1,5,8
599,8.106231689453125e-05,regression,1,5,16
600,0.00011730194091796875,regression,1,5,32
601,0.00018310546875,regression,1,5,64
602,4.291534423828125e-05,regression,1,6,1
603,4.76837158203125e-05,regression,1,6,2
604,4.291534423828125e-05,regression,1,6,4
605,0.000225067138671875,regression,1,6,8
606,7.43865966796875e-05,regression,1,6,16
607,0.000202178955078125,regression,1,6,32
608,0.00014495849609375,regression,1,6,64
609,4.3392181396484375e-05,regression,1,7,1
610,5.0067901611328125e-05,regression,1,7,2
611,4.3392181396484375e-05,regression,1,7,4
612,0.000171661376953125,regression,1,7,8
613,0.000152587890625,regression,1,7,16
614,0.0001773834228515625,regression,1,7,32
615,0.0001678466796875,regression,1,7,64
616,1.7642974853515625e-05,regression,1,8,1
617,3.528594970703125e-05,regression,1,8,2
618,7.62939453125e-05,regression,1,8,4
619,0.000102996826171875,regression,1,8,8
620,0.000148773193359375,regression,1,8,16
621,0.000278472900390625,regression,1,8,32
622,0.000362396240234375,regression,1,8,64
623,7.68899917602539e-05,regression,1,9,1
624,7.82012939453125e-05,regression,1,9,2
625,7.843971252441406e-05,regression,1,9,4
626,6.628036499023438e-05,regression,1,9,8
627,7.033348083496094e-05,regression,1,9,16
628,0.000141143798828125,regression,1,9,32
629,0.00014591217041015625,regression,1,9,64
630,2.193450927734375e-05,regression,1,10,1
631,5.7220458984375e-05,regression,1,10,2
632,7.05718994140625e-05,regression,1,10,4
633,7.2479248046875e-05,regression,1,10,8
634,0.0001888275146484375,regression,1,10,16
635,0.000324249267578125,regression,1,10,32
636,0.000484466552734375,regression,1,10,64
637,3.1948089599609375e-05,regression,1,11,1
638,5.435943603515625e-05,regression,1,11,2
639,6.67572021484375e-05,regression,1,11,4
640,3.814697265625e-05,regression,1,11,8
641,2.6702880859375e-05,regression,1,11,16
642,0.000141143798828125,regression,1,11,32
643,0.000118255615234375,regression,1,11,64
644,1.9550323486328125e-05,regression,1,12,1
645,2.86102294921875e-05,regression,1,12,2
646,2.288818359375e-05,regression,1,12,4
647,4.9591064453125e-05,regression,1,12,8
648,0.00018310546875,regression,1,12,16
649,0.00016021728515625,regression,1,12,32
650,0.00023651123046875,regression,1,12,64
651,5.125999450683594e-05,regression,1,13,1
652,7.82012939453125e-05,regression,1,13,2
653,0.00014495849609375,regression,1,13,4
654,0.0002727508544921875,regression,1,13,8
655,0.00035858154296875,regression,1,13,16
656,0.00035858154296875,regression,1,13,32
657,0.00035858154296875,regression,1,13,64
658,6.16312026977539e-05,regression,1,14,1
659,7.200241088867188e-05,regression,1,14,2
660,6.580352783203125e-05,regression,1,14,4
661,8.106231689453125e-05,regression,1,14,8
662,6.866455078125e-05,regression,1,14,16
663,9.918212890625e-05,regression,1,14,32
664,9.918212890625e-05,regression,1,14,64
665,3.838539123535156e-05,regression,1,15,1
666,4.220008850097656e-05,regression,1,15,2
667,3.838539123535156e-05,regression,1,15,4
668,5.340576171875e-05,regression,1,15,8
669,0.0001010894775390625,regression,1,15,16
670,0.00023651123046875,regression,1,15,32
671,0.0002765655517578125,regression,1,15,64
672,7.2479248046875e-05,regression,1,16,1
673,9.1552734375e-05,regression,1,16,2
674,0.000102996826171875,regression,1,16,4
675,0.00012969970703125,regression,1,16,8
676,5.340576171875e-05,regression,1,16,16
677,0.00031280517578125,regression,1,16,32
678,0.000347137451171875,regression,1,16,64
679,5.7220458984375e-05,regression,1,17,1
680,6.961822509765625e-05,regression,1,17,2
681,0.0001468658447265625,regression,1,17,4
682,0.0001964569091796875,regression,1,17,8
683,0.000118255615234375,regression,1,17,16
684,0.0001678466796875,regression,1,17,32
685,0.00018310546875,regression,1,17,64
686,6.461143493652344e-05,regression,1,18,1
687,0.00016021728515625,regression,1,18,2
688,0.00016021728515625,regression,1,18,4
689,0.0002899169921875,regression,1,18,8
690,0.000274658203125,regression,1,18,16
691,0.0006103515625,regression,1,18,32
692,0.0005950927734375,regression,1,18,64
693,0.00011491775512695312,regression,1,19,1
694,0.000186920166015625,regression,1,19,2
695,2.4378299713134766e-05,regression,1,19,4
696,4.315376281738281e-05,regression,1,19,8
697,4.553794860839844e-05,regression,1,19,16
698,7.2479248046875e-05,regression,1,19,32
699,7.2479248046875e-05,regression,1,19,64
700,1.9550323486328125e-05,regression,1,20,1
701,2.384185791015625e-05,regression,1,20,2
702,3.4332275390625e-05,regression,1,20,4
703,8.58306884765625e-05,regression,1,20,8
704,8.7738037109375e-05,regression,1,20,16
705,0.000156402587890625,regression,1,20,32
706,0.0001354217529296875,regression,1,20,64
707,0.000102996826171875,regression,1,21,1
708,9.298324584960938e-05,regression,1,21,2
709,0.00013303756713867188,regression,1,21,4
710,0.00016021728515625,regression,1,21,8
711,0.000171661376953125,regression,1,21,16
712,0.0002231597900390625,regression,1,21,32
713,0.0002231597900390625,regression,1,21,64
714,1.7881393432617188e-05,regression,1,22,1
715,2.3365020751953125e-05,regression,1,22,2
716,5.7220458984375e-05,regression,1,22,4
717,4.57763671875e-05,regression,1,22,8
718,4.57763671875e-05,regression,1,22,16
719,6.103515625e-05,regression,1,22,32
720,0.0001087188720703125,regression,1,22,64
721,1.1682510375976562e-05,regression,1,23,1
722,1.52587890625e-05,regression,1,23,2
723,5.53131103515625e-05,regression,1,23,4
724,7.43865966796875e-05,regression,1,23,8
725,9.34600830078125e-05,regression,1,23,16
726,0.000102996826171875,regression,1,23,32
727,0.0001506805419921875,regression,1,23,64
728,4.410743713378906e-05,regression,1,24,1
729,0.0001163482666015625,regression,1,24,2
730,0.000179290771484375,regression,1,24,4
731,0.00035858154296875,regression,1,24,8
732,0.00022125244140625,regression,1,24,16
733,0.0001430511474609375,regression,1,24,32
734,0.0002574920654296875,regression,1,24,64
735,8.606910705566406e-05,regression,1,25,1
736,8.845329284667969e-05,regression,1,25,2
737,0.00010204315185546875,regression,1,25,4
738,0.00014495849609375,regression,1,25,8
739,0.00014591217041015625,regression,1,25,16
740,5.626678466796875e-05,regression,1,25,32
741,5.364418029785156e-05,regression,1,25,64
742,1.0967254638671875e-05,regression,1,26,1
743,2.1457672119140625e-05,regression,1,26,2
744,7.2479248046875e-05,regression,1,26,4
745,0.00014495849609375,regression,1,26,8
746,0.000232696533203125,regression,1,26,16
747,0.00030517578125,regression,1,26,32
748,0.0004425048828125,regression,1,26,64
749,3.6716461181640625e-05,regression,1,27,1
750,3.814697265625e-05,regression,1,27,2
751,6.67572021484375e-05,regression,1,27,4
752,0.000152587890625,regression,1,27,8
753,0.0002384185791015625,regression,1,27,16
754,0.000263214111328125,regression,1,27,32
755,0.00037384033203125,regression,1,27,64
756,5.7220458984375e-05,regression,1,28,1
757,7.390975952148438e-05,regression,1,28,2
758,7.390975952148438e-05,regression,1,28,4
759,0.000156402587890625,regression,1,28,8
760,0.000164031982421875,regression,1,28,16
761,0.0001583099365234375,regression,1,28,32
762,0.0001583099365234375,regression,1,28,64
763,2.193450927734375e-05,regression,1,29,1
764,4.38690185546875e-05,regression,1,29,2
765,4.1961669921875e-05,regression,1,29,4
766,0.000110626220703125,regression,1,29,8
767,0.00030517578125,regression,1,29,16
768,0.000301361083984375,regression,1,29,32
769,0.00023651123046875,regression,1,29,64
770,1.811981201171875e-05,regression,1,30,1
771,3.528594970703125e-05,regression,1,30,2
772,7.152557373046875e-05,regression,1,30,4
773,0.0001049041748046875,regression,1,30,8
774,8.392333984375e-05,regression,1,30,16
775,0.000247955322265625,regression,1,30,32
776,0.0002593994140625,regression,1,30,64
777,2.6702880859375e-05,regression,1,31,1
778,3.719329833984375e-05,regression,1,31,2
779,2.014636993408203e-05,regression,1,31,4
780,3.814697265625e-05,regression,1,31,8
781,3.0040740966796875e-05,regression,1,31,16
782,9.72747802734375e-05,regression,1,31,32
783,0.000255584716796875,regression,1,31,64
784,1.049041748046875e-05,regression,1,32,1
785,6.198883056640625e-06,regression,1,32,2
786,2.002716064453125e-05,regression,1,32,4
787,2.6702880859375e-05,regression,1,32,8
788,5.340576171875e-05,regression,1,32,16
789,0.00011444091796875,regression,1,32,32
790,0.000385284423828125,regression,1,32,64
791,2.09808349609375e-05,regression,1,33,1
792,2.86102294921875e-05,regression,1,33,2
793,4.9591064453125e-05,regression,1,33,4
794,3.4332275390625e-05,regression,1,33,8
795,7.2479248046875e-05,regression,1,33,16
796,4.9591064453125e-05,regression,1,33,32
797,0.0004119873046875,regression,1,33,64
798,1.9073486328125e-05,regression,1,34,1
799,2.288818359375e-05,regression,1,34,2
800,3.814697265625e-05,regression,1,34,4
801,5.340576171875e-05,regression,1,34,8
802,0.000152587890625,regression,1,34,16
803,0.0001049041748046875,regression,1,34,32
804,9.72747802734375e-05,regression,1,34,64
805,3.1948089599609375e-05,regression,1,35,1
806,6.4849853515625e-05,regression,1,35,2
807,4.291534423828125e-05,regression,1,35,4
808,3.8623809814453125e-05,regression,1,35,8
809,8.106231689453125e-05,regression,1,35,16
810,8.487701416015625e-05,regression,1,35,32
811,8.96453857421875e-05,regression,1,35,64
812,1.3470649719238281e-05,regression,1,36,1
813,1.621246337890625e-05,regression,1,36,2
814,4.1961669921875e-05,regression,1,36,4
815,8.392333984375e-05,regression,1,36,8
816,0.00011444091796875,regression,1,36,16
817,0.0001277923583984375,regression,1,36,32
818,0.0001068115234375,regression,1,36,64
819,3.719329833984375e-05,regression,1,37,1
820,3.075599670410156e-05,regression,1,37,2
821,5.3882598876953125e-05,regression,1,37,4
822,5.054473876953125e-05,regression,1,37,8
823,0.0001125335693359375,regression,1,37,16
824,0.0001964569091796875,regression,1,37,32
825,9.72747802734375e-05,regression,1,37,64
826,9.703636169433594e-05,regression,1,38,1
827,0.00010251998901367188,regression,1,38,2
828,0.0001392364501953125,regression,1,38,4
829,0.0001468658447265625,regression,1,38,8
830,0.0001220703125,regression,1,38,16
831,0.0001220703125,regression,1,38,32
832,0.000156402587890625,regression,1,38,64
833,5.245208740234375e-06,regression,1,39,1
834,2.47955322265625e-05,regression,1,39,2
835,7.62939453125e-05,regression,1,39,4
836,8.7738037109375e-05,regression,1,39,8
837,0.000102996826171875,regression,1,39,16
838,0.000164031982421875,regression,1,39,32
839,0.00011444091796875,regression,1,39,64
840,3.0517578125e-05,regression,2,0,1
841,5.340576171875e-05,regression,2,0,2
842,0.0001373291015625,regression,2,0,4
843,0.0003662109375,regression,2,0,8
844,0.000518798828125,regression,2,0,16
845,0.000946044921875,regression,2,0,32
846,0.002685546875,regression,2,0,64
847,2.288818359375e-05,regression,2,1,1
848,0.000152587890625,regression,2,1,2
849,0.000457763671875,regression,2,1,4
850,0.000701904296875,regression,2,1,8
851,0.000640869140625,regression,2,1,16
852,0.00079345703125,regression,2,1,32
853,0.00311279296875,regression,2,1,64
854,3.814697265625e-05,regression,2,2,1
855,6.103515625e-05,regression,2,2,2
856,0.0001678466796875,regression,2,2,4
857,0.0002288818359375,regression,2,2,8
858,0.000518798828125,regression,2,2,16
859,0.00152587890625,regression,2,2,32
860,0.00238037109375,regression,2,2,64
861,3.814697265625e-05,regression,2,3,1
862,4.57763671875e-05,regression,2,3,2
863,0.000274658203125,regression,2,3,4
864,0.000396728515625,regression,2,3,8
865,0.00152587890625,regression,2,3,16
866,0.0015869140625,regression,2,3,32
867,0.00286865234375,regression,2,3,64
868,2.288818359375e-05,regression,2,4,1
869,0.0001678466796875,regression,2,4,2
870,0.000152587890625,regression,2,4,4
871,0.000274658203125,regression,2,4,8
872,0.0006103515625,regression,2,4,16
873,0.0008544921875,regression,2,4,32
874,0.00146484375,regression,2,4,64
875,4.57763671875e-05,regression,2,5,1
876,6.866455078125e-05,regression,2,5,2
877,0.0001678466796875,regression,2,5,4
878,0.000579833984375,regression,2,5,8
879,0.000732421875,regression,2,5,16
880,0.00177001953125,regression,2,5,32
881,0.00146484375,regression,2,5,64
882,3.814697265625e-05,regression,2,6,1
883,9.1552734375e-05,regression,2,6,2
884,9.1552734375e-05,regression,2,6,4
885,0.00042724609375,regression,2,6,8
886,0.000518798828125,regression,2,6,16
887,0.0010986328125,regression,2,6,32
888,0.00146484375,regression,2,6,64
889,5.340576171875e-05,regression,2,7,1
890,0.000244140625,regression,2,7,2
891,0.000335693359375,regression,2,7,4
892,0.00042724609375,regression,2,7,8
893,0.00103759765625,regression,2,7,16
894,0.00201416015625,regression,2,7,32
895,0.0020751953125,regression,2,7,64
896,0.00012969970703125,regression,2,8,1
897,0.0001373291015625,regression,2,8,2
898,0.000732421875,regression,2,8,4
899,0.00030517578125,regression,2,8,8
900,0.0009765625,regression,2,8,16
901,0.001953125,regression,2,8,32
902,0.002685546875,regression,2,8,64
903,7.62939453125e-05,regression,2,9,1
904,9.1552734375e-05,regression,2,9,2
905,0.000335693359375,regression,2,9,4
906,0.0009765625,regression,2,9,8
907,0.000946044921875,regression,2,9,16
908,0.00146484375,regression,2,9,32
909,0.0048828125,regression,2,9,64
910,6.103515625e-05,regression,2,10,1
911,0.0001220703125,regression,2,10,2
912,0.000274658203125,regression,2,10,4
913,0.000732421875,regression,2,10,8
914,0.00067138671875,regression,2,10,16
915,0.00213623046875,regression,2,10,32
916,0.003173828125,regression,2,10,64
917,2.288818359375e-05,regression,2,11,1
918,5.340576171875e-05,regression,2,11,2
919,0.0001068115234375,regression,2,11,4
920,0.000244140625,regression,2,11,8
921,0.00030517578125,regression,2,11,16
922,0.0009765625,regression,2,11,32
923,0.0013427734375,regression,2,11,64
924,7.62939453125e-05,regression,2,12,1
925,0.0001220703125,regression,2,12,2
926,0.0001678466796875,regression,2,12,4
927,0.00091552734375,regression,2,12,8
928,0.001220703125,regression,2,12,16
929,0.00177001953125,regression,2,12,32
930,0.00311279296875,regression,2,12,64
931,6.866455078125e-05,regression,2,13,1
932,7.62939453125e-05,regression,2,13,2
933,0.00042724609375,regression,2,13,4
934,0.00079345703125,regression,2,13,8
935,0.00164794921875,regression,2,13,16
936,0.00140380859375,regression,2,13,32
937,0.00262451171875,regression,2,13,64
938,3.0517578125e-05,regression,2,14,1
939,5.340576171875e-05,regression,2,14,2
940,0.00018310546875,regression,2,14,4
941,0.000335693359375,regression,2,14,8
942,0.0006103515625,regression,2,14,16
943,0.00146484375,regression,2,14,32
944,0.00189208984375,regression,2,14,64
945,7.62939453125e-05,regression,2,15,1
946,0.0001068115234375,regression,2,15,2
947,0.000244140625,regression,2,15,4
948,0.00030517578125,regression,2,15,8
949,0.00128173828125,regression,2,15,16
950,0.00152587890625,regression,2,15,32
951,0.00225830078125,regression,2,15,64
952,3.814697265625e-05,regression,2,16,1
953,4.57763671875e-05,regression,2,16,2
954,9.1552734375e-05,regression,2,16,4
955,0.0002899169921875,regression,2,16,8
956,0.000244140625,regression,2,16,16
957,0.00103759765625,regression,2,16,32
958,0.0025634765625,regression,2,16,64
959,6.103515625e-05,regression,2,17,1
960,0.0001983642578125,regression,2,17,2
961,0.0001983642578125,regression,2,17,4
962,0.00054931640625,regression,2,17,8
963,0.00091552734375,regression,2,17,16
964,0.0013427734375,regression,2,17,32
965,0.00347900390625,regression,2,17,64
966,2.288818359375e-05,regression,2,18,1
967,7.62939453125e-05,regression,2,18,2
968,0.000335693359375,regression,2,18,4
969,0.000244140625,regression,2,18,8
970,0.0006103515625,regression,2,18,16
971,0.001007080078125,regression,2,18,32
972,0.0013427734375,regression,2,18,64
973,4.57763671875e-05,regression,2,19,1
974,5.340576171875e-05,regression,2,19,2
975,0.0001068115234375,regression,2,19,4
976,0.0002899169921875,regression,2,19,8
977,0.0003662109375,regression,2,19,16
978,0.001251220703125,regression,2,19,32
979,0.00213623046875,regression,2,19,64
980,3.814697265625e-05,regression,2,20,1
981,4.57763671875e-05,regression,2,20,2
982,0.000152587890625,regression,2,20,4
983,0.000457763671875,regression,2,20,8
984,0.00091552734375,regression,2,20,16
985,0.0008544921875,regression,2,20,32
986,0.001617431640625,regression,2,20,64
987,3.0517578125e-05,regression,2,21,1
988,6.103515625e-05,regression,2,21,2
989,0.00011444091796875,regression,2,21,4
990,0.000518798828125,regression,2,21,8
991,0.00048828125,regression,2,21,16
992,0.001617431640625,regression,2,21,32
993,0.0030517578125,regression,2,21,64
994,4.57763671875e-05,regression,2,22,1
995,5.340576171875e-05,regression,2,22,2
996,0.000244140625,regression,2,22,4
997,0.00115966796875,regression,2,22,8
998,0.00103759765625,regression,2,22,16
999,0.0010986328125,regression,2,22,32
1000,0.00238037109375,regression,2,22,64
1001,2.6702880859375e-05,regression,2,23,1
1002,7.62939453125e-05,regression,2,23,2
1003,0.00018310546875,regression,2,23,4
1004,0.00140380859375,regression,2,23,8
1005,0.001373291015625,regression,2,23,16
1006,0.0023193359375,regression,2,23,32
1007,0.00286865234375,regression,2,23,64
1008,6.866455078125e-05,regression,2,24,1
1009,9.1552734375e-05,regression,2,24,2
1010,9.1552734375e-05,regression,2,24,4
1011,0.000152587890625,regression,2,24,8
1012,0.000518798828125,regression,2,24,16
1013,0.000732421875,regression,2,24,32
1014,0.00244140625,regression,2,24,64
1015,2.288818359375e-05,regression,2,25,1
1016,9.1552734375e-05,regression,2,25,2
1017,0.0001220703125,regression,2,25,4
1018,0.00067138671875,regression,2,25,8
1019,0.00042724609375,regression,2,25,16
1020,0.001007080078125,regression,2,25,32
1021,0.0018310546875,regression,2,25,64
1022,7.62939453125e-05,regression,2,26,1
1023,0.00018310546875,regression,2,26,2
1024,0.000152587890625,regression,2,26,4
1025,0.00213623046875,regression,2,26,8
1026,0.00201416015625,regression,2,26,16
1027,0.003173828125,regression,2,26,32
1028,0.00390625,regression,2,26,64
1029,9.1552734375e-05,regression,2,27,1
1030,0.000213623046875,regression,2,27,2
1031,0.000213623046875,regression,2,27,4
1032,0.000274658203125,regression,2,27,8
1033,0.00054931640625,regression,2,27,16
1034,0.00115966796875,regression,2,27,32
1035,0.0030517578125,regression,2,27,64
1036,0.0001068115234375,regression,2,28,1
1037,0.0002288818359375,regression,2,28,2
1038,0.000213623046875,regression,2,28,4
1039,0.00030517578125,regression,2,28,8
1040,0.00054931640625,regression,2,28,16
1041,0.0008544921875,regression,2,28,32
1042,0.0032958984375,regression,2,28,64
1043,6.103515625e-05,regression,2,29,1
1044,9.1552734375e-05,regression,2,29,2
1045,0.0001373291015625,regression,2,29,4
1046,0.0008544921875,regression,2,29,8
1047,0.00091552734375,regression,2,29,16
1048,0.0023193359375,regression,2,29,32
1049,0.0028076171875,regression,2,29,64
1050,6.866455078125e-05,regression,2,30,1
1051,0.0001678466796875,regression,2,30,2
1052,0.000244140625,regression,2,30,4
1053,0.000732421875,regression,2,30,8
1054,0.00115966796875,regression,2,30,16
1055,0.0023193359375,regression,2,30,32
1056,0.0048828125,regression,2,30,64
1057,7.62939453125e-05,regression,2,31,1
1058,0.000213623046875,regression,2,31,2
1059,0.00042724609375,regression,2,31,4
1060,0.000457763671875,regression,2,31,8
1061,0.0006103515625,regression,2,31,16
1062,0.00213623046875,regression,2,31,32
1063,0.0020751953125,regression,2,31,64
1064,3.4332275390625e-05,regression,2,32,1
1065,6.866455078125e-05,regression,2,32,2
1066,0.0001373291015625,regression,2,32,4
1067,0.0001983642578125,regression,2,32,8
1068,0.00054931640625,regression,2,32,16
1069,0.00128173828125,regression,2,32,32
1070,0.001708984375,regression,2,32,64
1071,3.0517578125e-05,regression,2,33,1
1072,4.57763671875e-05,regression,2,33,2
1073,0.000213623046875,regression,2,33,4
1074,0.0005035400390625,regression,2,33,8
1075,0.00091552734375,regression,2,33,16
1076,0.0015869140625,regression,2,33,32
1077,0.003173828125,regression,2,33,64
1078,3.814697265625e-05,regression,2,34,1
1079,9.1552734375e-05,regression,2,34,2
1080,0.0001068115234375,regression,2,34,4
1081,0.0001678466796875,regression,2,34,8
1082,0.000457763671875,regression,2,34,16
1083,0.0009765625,regression,2,34,32
1084,0.001495361328125,regression,2,34,64
1085,3.814697265625e-05,regression,2,35,1
1086,9.1552734375e-05,regression,2,35,2
1087,0.000213623046875,regression,2,35,4
1088,0.0002899169921875,regression,2,35,8
1089,0.00048828125,regression,2,35,16
1090,0.000885009765625,regression,2,35,32
1091,0.00201416015625,regression,2,35,64
1092,4.9591064453125e-05,regression,2,36,1
1093,6.103515625e-05,regression,2,36,2
1094,7.62939453125e-05,regression,2,36,4
1095,0.0001373291015625,regression,2,36,8
1096,0.000732421875,regression,2,36,16
1097,0.000946044921875,regression,2,36,32
1098,0.0020751953125,regression,2,36,64
1099,3.0517578125e-05,regression,2,37,1
1100,9.1552734375e-05,regression,2,37,2
1101,0.0001220703125,regression,2,37,4
1102,0.0010986328125,regression,2,37,8
1103,0.000244140625,regression,2,37,16
1104,0.000762939453125,regression,2,37,32
1105,0.00115966796875,regression,2,37,64
1106,4.57763671875e-05,regression,2,38,1
1107,6.103515625e-05,regression,2,38,2
1108,0.00042724609375,regression,2,38,4
1109,0.00048828125,regression,2,38,8
1110,0.00054931640625,regression,2,38,16
1111,0.00140380859375,regression,2,38,32
1112,0.0029296875,regression,2,38,64
1113,0.0001220703125,regression,2,39,1
1114,9.1552734375e-05,regression,2,39,2
1115,0.0001068115234375,regression,2,39,4
1116,0.0002593994140625,regression,2,39,8
1117,0.00042724609375,regression,2,39,16
1118,0.001251220703125,regression,2,39,32
1119,0.0013427734375,regression,2,39,64
